term	morpheme	type
common	co-	prefix
contact	co-	prefix
compare	co-	prefix
contract	co-	prefix
competition	co-	prefix
complex	co-	prefix
context	co-	prefix
contribute	co-	prefix
combine	co-	prefix
colleague	co-	prefix
concert	co-	prefix
compete	co-	prefix
confuse	co-	prefix
contemporary	co-	prefix
compound	co-	prefix
correspond	co-	prefix
compromise	co-	prefix
contest	co-	prefix
compose	co-	prefix
cooperation	co-	prefix
composition	co-	prefix
confusion	co-	prefix
comprise	co-	prefix
describe	de-	prefix
decline	de-	prefix
decrease	de-	prefix
deposit	de-	prefix
depress	de-	prefix
disease	dis-	prefix
discover	dis-	prefix
discount	dis-	prefix
disappear	dis-	prefix
distribute	dis-	prefix
disorder	dis-	prefix
dismiss	dis-	prefix
disagree	dis-	prefix
distant	dis-	prefix
enjoy	en-	prefix
encourage	en-	prefix
ensure	en-	prefix
enable	en-	prefix
entitle	en-	prefix
explain	ex-	prefix
express	ex-	prefix
extend	ex-	prefix
exchange	ex-	prefix
expensive	ex-	prefix
extent	ex-	prefix
expense	ex-	prefix
export	ex-	prefix
expose	ex-	prefix
extension	ex-	prefix
extract	ex-	prefix
forecast	fore-	prefix
independent	in-	prefix
impossible	in-	prefix
immediate	in-	prefix
independence	in-	prefix
illegal	in-	prefix
international	inter-	prefix
interview	inter-	prefix
interaction	inter-	prefix
mistake	mis-	prefix
overall	over-	prefix
overcome	over-	prefix
overseas	over-	prefix
prepare	pre-	prefix
prefer	pre-	prefix
prevent	pre-	prefix
premise	pre-	prefix
preference	pre-	prefix
program	pro-	prefix
product	pro-	prefix
produce	pro-	prefix
propose	pro-	prefix
progress	pro-	prefix
promote	pro-	prefix
promotion	pro-	prefix
report	re-	prefix
return	re-	prefix
record	re-	prefix
remember	re-	prefix
research	re-	prefix
represent	re-	prefix
review	re-	prefix
replace	re-	prefix
reply	re-	prefix
reform	re-	prefix
reaction	re-	prefix
repeat	re-	prefix
recall	re-	prefix
remind	re-	prefix
recover	re-	prefix
researcher	re-	prefix
reserve	re-	prefix
reporter	re-	prefix
recognition	re-	prefix
representation	re-	prefix
restore	re-	prefix
reverse	re-	prefix
react	re-	prefix
revise	re-	prefix
submit	sub-	prefix
transfer	trans-	prefix
transport	trans-	prefix
transform	trans-	prefix
translate	trans-	prefix
unclear	un-	prefix
unfortunately	un-	prefix
unable	un-	prefix
unlike	un-	prefix
unusual	un-	prefix
unemployment	un-	prefix
unlikely	un-	prefix
unknown	un-	prefix
uncertainty	un-	prefix
underlie	under-	prefix
audience	aud	root
biological	bio	root
capital	cap	root
capacity	cap	root
capture	cap	root
capable	cap	root
capability	cap	root
recognize	cogn	root
recognition	cogn	root
credit	cred	root
predict	dict	root
product	duc	root
produce	duc	root
education	duc	root
reduce	duc	root
production	duc	root
introduce	duc	root
conduct	duc	root
introduction	duc	root
reduction	duc	root
producer	duc	root
educational	duc	root
educate	duc	root
fact	fac	root
factor	fac	root
manufacture	fac	root
factory	fac	root
manufacturer	fac	root
satisfaction	fac	root
different	fer	root
offer	fer	root
difference	fer	root
suffer	fer	root
refer	fer	root
reference	fer	root
prefer	fer	root
transfer	fer	root
differ	fer	root
preference	fer	root
differently	fer	root
information	form	root
inform	form	root
reform	form	root
formal	form	root
uniform	form	root
formula	form	root
platform	form	root
transform	form	root
formation	form	root
format	form	root
photograph	graph	root
paragraph	graph	root
subject	ject	root
project	ject	root
object	ject	root
objective	ject	root
reject	ject	root
judge	jud	root
judgment	jud	root
legal	leg	root
legislation	leg	root
illegal	leg	root
privilege	leg	root
liberal	liber	root
local	loc	root
location	loc	root
locate	loc	root
technology	log	root
apologize	log	root
dialog	log	root
psychological	log	root
biological	log	root
logic	log	root
manage	man	root
manager	man	root
management	man	root
manufacture	man	root
manufacturer	man	root
remember	mem	root
memory	mem	root
admit	mit	root
commit	mit	root
commitment	mit	root
permit	mit	root
submit	mit	root
mobile	mob	root
national	nat	root
international	nat	root
nature	nat	root
nation	nat	root
natural	nat	root
native	nat	root
naturally	nat	root
phone	phon	root
telephone	phon	root
photograph	photo	root
complicate	plic	root
implication	plic	root
report	port	root
important	port	root
support	port	root
importance	port	root
transport	port	root
export	port	root
import	port	root
reporter	port	root
supporter	port	root
transportation	port	root
position	pos	root
suppose	pos	root
purpose	pos	root
propose	pos	root
post	pos	root
proposal	pos	root
opposite	pos	root
oppose	pos	root
opposition	pos	root
impose	pos	root
expose	pos	root
pose	pos	root
exposure	pos	root
deposit	pos	root
compose	pos	root
composition	pos	root
psychological	psych	root
region	reg	root
regular	reg	root
regulation	reg	root
regional	reg	root
regularly	reg	root
regulate	reg	root
science	sci	root
scientist	sci	root
scientific	sci	root
describe	scrib	root
sense	sens	root
sensitive	sens	root
consequence	sequ	root
sequence	sequ	root
subsequent	sequ	root
consequently	sequ	root
subsequently	sequ	root
respect	spect	root
suspect	spect	root
perspective	spect	root
prospect	spect	root
spirit	spir	root
inspire	spir	root
state	sta	root
stand	sta	root
stay	sta	root
standard	sta	root
stage	sta	root
establish	sta	root
station	sta	root
status	sta	root
distance	sta	root
circumstance	sta	root
constant	sta	root
assistant	sta	root
stable	sta	root
substantial	sta	root
assistance	sta	root
constantly	sta	root
substance	sta	root
resistance	sta	root
establishment	sta	root
stability	sta	root
distant	sta	root
structure	struct	root
construction	struct	root
instruction	struct	root
construct	struct	root
destruction	struct	root
structural	struct	root
television	tele	root
telephone	tele	root
attend	tend	root
extend	tend	root
intend	tend	root
tendency	tend	root
pretend	tend	root
attendance	tend	root
determine	term	root
determination	term	root
contract	tract	root
attract	tract	root
attractive	tract	root
extract	tract	root
attraction	tract	root
abstract	tract	root
event	ven	root
prevent	ven	root
eventually	ven	root
revenue	ven	root
convention	ven	root
intervention	ven	root
conventional	ven	root
invent	ven	root
adventure	ven	root
advertise	vert	root
advertisement	vert	root
convert	vert	root
visit	vis	root
television	vis	root
visitor	vis	root
provision	vis	root
vision	vis	root
advise	vis	root
adviser	vis	root
visual	vis	root
visible	vis	root
revise	vis	root
vital	vit	root
advocate	voc	root
available	-able	suffix
responsible	-able	suffix
comfortable	-able	suffix
reasonable	-able	suffix
suitable	-able	suffix
considerable	-able	suffix
variable	-able	suffix
capable	-able	suffix
valuable	-able	suffix
remarkable	-able	suffix
visible	-able	suffix
acceptable	-able	suffix
reliable	-able	suffix
flexible	-able	suffix
local	-al	suffix
political	-al	suffix
national	-al	suffix
personal	-al	suffix
final	-al	suffix
natural	-al	suffix
normal	-al	suffix
central	-al	suffix
professional	-al	suffix
original	-al	suffix
legal	-al	suffix
proposal	-al	suffix
traditional	-al	suffix
medical	-al	suffix
trial	-al	suffix
additional	-al	suffix
federal	-al	suffix
global	-al	suffix
cultural	-al	suffix
critical	-al	suffix
environmental	-al	suffix
historical	-al	suffix
technical	-al	suffix
industrial	-al	suffix
signal	-al	suffix
internal	-al	suffix
practical	-al	suffix
musical	-al	suffix
mental	-al	suffix
ideal	-al	suffix
formal	-al	suffix
regional	-al	suffix
emotional	-al	suffix
educational	-al	suffix
arrival	-al	suffix
agricultural	-al	suffix
festival	-al	suffix
radical	-al	suffix
approval	-al	suffix
conventional	-al	suffix
digital	-al	suffix
universal	-al	suffix
clinical	-al	suffix
survival	-al	suffix
classical	-al	suffix
biological	-al	suffix
experimental	-al	suffix
institutional	-al	suffix
functional	-al	suffix
structural	-al	suffix
computer	-er	suffix
customer	-er	suffix
teacher	-er	suffix
leader	-er	suffix
manager	-er	suffix
worker	-er	suffix
player	-er	suffix
officer	-er	suffix
writer	-er	suffix
consumer	-er	suffix
reader	-er	suffix
driver	-er	suffix
speaker	-er	suffix
owner	-er	suffix
engineer	-er	suffix
farmer	-er	suffix
researcher	-er	suffix
employer	-er	suffix
voter	-er	suffix
producer	-er	suffix
manufacturer	-er	suffix
reporter	-er	suffix
winner	-er	suffix
upper	-er	suffix
layer	-er	suffix
prisoner	-er	suffix
supporter	-er	suffix
designer	-er	suffix
singer	-er	suffix
adviser	-er	suffix
inner	-er	suffix
dealer	-er	suffix
teenager	-er	suffix
counter	-er	suffix
buyer	-er	suffix
publisher	-er	suffix
maker	-er	suffix
printer	-er	suffix
lover	-er	suffix
stranger	-er	suffix
server	-er	suffix
listener	-er	suffix
holder	-er	suffix
successful	-ful	suffix
useful	-ful	suffix
wonderful	-ful	suffix
powerful	-ful	suffix
careful	-ful	suffix
helpful	-ful	suffix
neighborhood	-hood	suffix
childhood	-hood	suffix
economic	-ic	suffix
basic	-ic	suffix
electronic	-ic	suffix
academic	-ic	suffix
classic	-ic	suffix
genetic	-ic	suffix
historic	-ic	suffix
democratic	-ic	suffix
organic	-ic	suffix
criticism	-ism	suffix
tourism	-ism	suffix
artist	-ist	suffix
tourist	-ist	suffix
journalist	-ist	suffix
specialist	-ist	suffix
terrorist	-ist	suffix
activity	-ity	suffix
community	-ity	suffix
opportunity	-ity	suffix
security	-ity	suffix
majority	-ity	suffix
reality	-ity	suffix
identity	-ity	suffix
personality	-ity	suffix
priority	-ity	suffix
minority	-ity	suffix
electricity	-ity	suffix
diversity	-ity	suffix
stability	-ity	suffix
complexity	-ity	suffix
density	-ity	suffix
effective	-ive	suffix
executive	-ive	suffix
expensive	-ive	suffix
negative	-ive	suffix
relative	-ive	suffix
alternative	-ive	suffix
active	-ive	suffix
objective	-ive	suffix
native	-ive	suffix
attractive	-ive	suffix
initiative	-ive	suffix
massive	-ive	suffix
creative	-ive	suffix
impressive	-ive	suffix
aggressive	-ive	suffix
narrative	-ive	suffix
realize	-ize	suffix
organize	-ize	suffix
criticize	-ize	suffix
apologize	-ize	suffix
characterize	-ize	suffix
specialize	-ize	suffix
summarize	-ize	suffix
regardless	-less	suffix
really	-ly	suffix
actually	-ly	suffix
especially	-ly	suffix
finally	-ly	suffix
likely	-ly	suffix
certainly	-ly	suffix
usually	-ly	suffix
particularly	-ly	suffix
recently	-ly	suffix
exactly	-ly	suffix
clearly	-ly	suffix
nearly	-ly	suffix
quickly	-ly	suffix
generally	-ly	suffix
obviously	-ly	suffix
daily	-ly	suffix
completely	-ly	suffix
immediately	-ly	suffix
suddenly	-ly	suffix
directly	-ly	suffix
highly	-ly	suffix
absolutely	-ly	suffix
slightly	-ly	suffix
eventually	-ly	suffix
extremely	-ly	suffix
unfortunately	-ly	suffix
apparently	-ly	suffix
mostly	-ly	suffix
currently	-ly	suffix
relatively	-ly	suffix
carefully	-ly	suffix
totally	-ly	suffix
normally	-ly	suffix
mainly	-ly	suffix
fairly	-ly	suffix
slowly	-ly	suffix
friendly	-ly	suffix
entirely	-ly	suffix
strongly	-ly	suffix
definitely	-ly	suffix
previously	-ly	suffix
largely	-ly	suffix
seriously	-ly	suffix
lovely	-ly	suffix
increasingly	-ly	suffix
significantly	-ly	suffix
surely	-ly	suffix
frequently	-ly	suffix
properly	-ly	suffix
closely	-ly	suffix
widely	-ly	suffix
equally	-ly	suffix
merely	-ly	suffix
truly	-ly	suffix
effectively	-ly	suffix
perfectly	-ly	suffix
personally	-ly	suffix
approximately	-ly	suffix
partly	-ly	suffix
originally	-ly	suffix
secondly	-ly	suffix
rapidly	-ly	suffix
typically	-ly	suffix
deeply	-ly	suffix
respectively	-ly	suffix
ultimately	-ly	suffix
unlikely	-ly	suffix
elderly	-ly	suffix
virtually	-ly	suffix
naturally	-ly	suffix
initially	-ly	suffix
rarely	-ly	suffix
constantly	-ly	suffix
badly	-ly	suffix
gradually	-ly	suffix
similarly	-ly	suffix
regularly	-ly	suffix
briefly	-ly	suffix
newly	-ly	suffix
occasionally	-ly	suffix
precisely	-ly	suffix
greatly	-ly	suffix
successfully	-ly	suffix
roughly	-ly	suffix
literally	-ly	suffix
consequently	-ly	suffix
potentially	-ly	suffix
hopefully	-ly	suffix
firmly	-ly	suffix
surprisingly	-ly	suffix
differently	-ly	suffix
weekly	-ly	suffix
firstly	-ly	suffix
quietly	-ly	suffix
monthly	-ly	suffix
subsequently	-ly	suffix
gently	-ly	suffix
faithfully	-ly	suffix
government	-ment	suffix
development	-ment	suffix
management	-ment	suffix
statement	-ment	suffix
agreement	-ment	suffix
movement	-ment	suffix
treatment	-ment	suffix
investment	-ment	suffix
argument	-ment	suffix
equipment	-ment	suffix
requirement	-ment	suffix
improvement	-ment	suffix
payment	-ment	suffix
arrangement	-ment	suffix
assessment	-ment	suffix
commitment	-ment	suffix
judgment	-ment	suffix
employment	-ment	suffix
settlement	-ment	suffix
appointment	-ment	suffix
advertisement	-ment	suffix
unemployment	-ment	suffix
achievement	-ment	suffix
retirement	-ment	suffix
entertainment	-ment	suffix
involvement	-ment	suffix
establishment	-ment	suffix
measurement	-ment	suffix
announcement	-ment	suffix
amendment	-ment	suffix
adjustment	-ment	suffix
excitement	-ment	suffix
attachment	-ment	suffix
illness	-ness	suffix
awareness	-ness	suffix
weakness	-ness	suffix
darkness	-ness	suffix
various	-ous	suffix
famous	-ous	suffix
dangerous	-ous	suffix
nervous	-ous	suffix
continuous	-ous	suffix
relationship	-ship	suffix
leadership	-ship	suffix
membership	-ship	suffix
friendship	-ship	suffix
partnership	-ship	suffix
championship	-ship	suffix
ownership	-ship	suffix
information	-tion	suffix
organization	-tion	suffix
addition	-tion	suffix
production	-tion	suffix
discussion	-tion	suffix
relation	-tion	suffix
operation	-tion	suffix
conversation	-tion	suffix
generation	-tion	suffix
introduction	-tion	suffix
consideration	-tion	suffix
location	-tion	suffix
regulation	-tion	suffix
division	-tion	suffix
recommendation	-tion	suffix
combination	-tion	suffix
expectation	-tion	suffix
presentation	-tion	suffix
reduction	-tion	suffix
reputation	-tion	suffix
observation	-tion	suffix
corporation	-tion	suffix
creation	-tion	suffix
convention	-tion	suffix
examination	-tion	suffix
interpretation	-tion	suffix
variation	-tion	suffix
representation	-tion	suffix
preparation	-tion	suffix
edition	-tion	suffix
publication	-tion	suffix
obligation	-tion	suffix
foundation	-tion	suffix
invitation	-tion	suffix
intervention	-tion	suffix
formation	-tion	suffix
promotion	-tion	suffix
celebration	-tion	suffix
imagination	-tion	suffix
possession	-tion	suffix
abortion	-tion	suffix
limitation	-tion	suffix
indication	-tion	suffix
cooperation	-tion	suffix
motivation	-tion	suffix
implementation	-tion	suffix
determination	-tion	suffix
transportation	-tion	suffix
registration	-tion	suffix
difficulty	-y	suffix
funny	-y	suffix
healthy	-y	suffix
angry	-y	suffix
lucky	-y	suffix
guilty	-y	suffix
dirty	-y	suffix
bloody	-y	suffix
wealthy	-y	suffix
